,mean,median,std
Height,68.6,68.45,1.6706618781522227
Weight,131.9,136.0,14.231811003679203
Age,32.5,29.5,12.860361149240285
Grip_strength,26.0,27.0,4.521553322083512
Height_m,1.7424399999999998,1.7386300000000001,0.04243481170506643
Weight_kg,59.828833603,61.68856232,6.455440882550928
BMI,19.682000000000002,19.185000000000002,1.7809722687965195
Frailty_binary,0.4,0.0,0.5163977794943223
